video_id,video_url,upload_timestamp,caption,hashtags,video_duration,thumbnail_url,music_id,sound_title,collection_timestamp,views,likes,comments_count,shares,saves,duet_count,stitch_count,creator_username,creator_display_name,creator_follower_count,creator_following_count,creator_total_likes,creator_total_videos,creator_verified,creator_bio
7576039700536806669,https://www.tiktok.com/@sophieraiin/video/7576039700536806669,1763934235,new trio? @üéÄPiper RockelleüéÄ @Natalie Reynolds ,,12,https://p16-common-sign.tiktokcdn-us.com/tos-useast5-p-0068-tx/oc8jZDgIfAEl2AAAADRpxBCpgEDSFEAnh4AIrf~tplv-tiktokx-origin.image?dr=9636&x-expires=1765213200&x-signature=tQYXXRYHtB4wSIssS8SNlJEncrE%3D&t=4d5b0474&ps=13740610&shp=81f88b70&shcp=43f4a2f9&idc=useast5,7559722681566792462,original sound,2025-12-06T12:07:15.127187,14200000,909600,9064,10600,43926,0,0,sophieraiin,Sophie Rain,0,0,0,0,True,"ig/snap: sophieraiin
i'm 21 üáµüá≠
contact@sophie-rain.com"
7577683413591772447,https://www.tiktok.com/@book0273/video/7577683413591772447,1764316953,#ask#askreddit#LearnOnTikTok#reddit#satisfying,"ask, askreddit, LearnOnTikTok, reddit, satisfying",104,https://p16-common-sign.tiktokcdn-us.com/tos-useast8-p-0068-tx2/oALEoZpeCVRyE99EFVAQBIIDpAJVKr9BZrfIxv~tplv-tiktokx-origin.image?dr=9636&x-expires=1765213200&x-signature=t2Qw80SZul8b4UIejV%2B46%2BiiiKU%3D&t=4d5b0474&ps=13740610&shp=81f88b70&shcp=43f4a2f9&idc=useast5,7577688572388576031,original sound,2025-12-06T12:07:15.127232,1900000,49600,169,383,3985,0,0,book0273,book0273,0,0,0,0,False,
7564867205796498743,https://www.tiktok.com/@._mirahh0/video/7564867205796498743,1761332945,#fyp #goviral #storytime ,"fyp, goviral, storytime",353,https://p16-common-sign.tiktokcdn-us.com/tos-useast5-p-0068-tx/oUG7AISDiQz9dLgILkNejHUtqfe2CjA97RQ5AH~tplv-tiktokx-origin.image?dr=9636&x-expires=1765213200&x-signature=nBki86v2HS4JkjobNa2ig4f8dMM%3D&t=4d5b0474&ps=13740610&shp=81f88b70&shcp=43f4a2f9&idc=useast5,7564867392287853325,original sound,2025-12-06T12:07:15.127255,706600,110500,1243,5798,16195,0,0,._mirahh0,üòπüòπ,0,0,0,0,False,"3/3
this is like my 50th account
ig: _.mirahh0"
7579963327082695991,https://www.tiktok.com/@singjing44/video/7579963327082695991,1764847757,Kondisi terkini musholas PONPES Al Khoziny Sidoarjo ambruk saat salat ashar#jtvjember #evakuasi #sidoarjo #fyp,"jtvjember, evakuasi, sidoarjo, fyp",63,https://p16-common-sign.tiktokcdn-us.com/tos-useast5-p-0068-tx/oMZDDdfBSI17RXpEhcIWQM1WxBRAbieOiB3CIg~tplv-tiktokx-origin.image?dr=9636&x-expires=1765213200&x-signature=Yi6VITwkzGzDVCJhnkWNngYsWU8%3D&t=4d5b0474&ps=13740610&shp=81f88b70&shcp=43f4a2f9&idc=useast5,7579963290521062157,original sound,2025-12-06T12:07:15.127272,4300000,155100,1485,1211,5045,0,0,singjing44,singjing44,0,0,0,0,False,
7562843329138855199,https://www.tiktok.com/@mrandmrsglobal/video/7562843329138855199,1760861726,Her face says it all üò≥üòÇ #beforeandafter #aroundthehouse #interracialdating #HaterzStayBack #MrAndMrsGlobal ,"beforeandafter, aroundthehouse, interracialdating, haterzstayback, mrandmrsglobal",8,https://p16-common-sign.tiktokcdn-us.com/tos-useast8-p-0068-tx2/oYbJBvzYBEDoi4DEB0inkSIieBVIwBjA1CRIeA~tplv-tiktokx-origin.image?dr=9636&x-expires=1765213200&x-signature=oippx%2F8Y3FWGZTNQFsJRZKzV79c%3D&t=4d5b0474&ps=13740610&shp=81f88b70&shcp=43f4a2f9&idc=useast5,7562843303834569503,original sound,2025-12-06T12:07:15.127288,157400,2217,71,543,214,0,0,mrandmrsglobal,Mr And Mrs Global,0,0,0,0,False,"Contact: teammrandmrsglobal@gmail.com
DL How to Make Money on Social Media ‚¨áÔ∏è"
